{
  "train_loss": [
    1.4709325741838526,
    1.7378242974695952,
    NaN,
    1.8290902609626452,
    2.5864542736563574,
    NaN,
    4.160465657711029,
    NaN,
    4.344711043396774,
    3.7586398168307977,
    NaN,
    5.285528879605968,
    4.223270921480088,
    6.106560716529687,
    5.962958231885382,
    5.331620510135378,
    4.7370860406330655,
    4.841119810938835,
    4.610623032805767,
    5.2197958648204805,
    3.8309262598347056,
    5.764846429490206,
    6.08712337063808,
    NaN,
    5.9207044797284265,
    5.838976763156161,
    6.352724718550841,
    6.469796449973665,
    NaN,
    6.767867016130023,
    6.6927697746842,
    7.350791158499541,
    6.50016036487761,
    NaN,
    7.834700778473255,
    7.359701029632403,
    10.17548711421126,
    8.283333733677864,
    8.609182770435627,
    8.545457461784626,
    NaN,
    7.596878693653987,
    7.692249671770976,
    8.672003295272589,
    10.02574468063096,
    8.62676872253418,
    11.063718425816504,
    9.372186787319317,
    6.8554990490277605,
    7.690959113400157
  ],
  "train_acc": [
    0.2777777777777778,
    0.17391304347826086,
    0.23255813953488372,
    0.3333333333333333,
    0.3023255813953488,
    0.2564102564102564,
    0.25,
    0.29545454545454547,
    0.20408163265306123,
    0.34146341463414637,
    0.05263157894736842,
    0.17307692307692307,
    0.25396825396825395,
    0.1111111111111111,
    0.2127659574468085,
    0.35714285714285715,
    0.24489795918367346,
    0.17391304347826086,
    0.23404255319148937,
    0.275,
    0.3191489361702128,
    0.17543859649122806,
    0.21568627450980393,
    0.2765957446808511,
    0.17857142857142858,
    0.21052631578947367,
    0.2631578947368421,
    0.22413793103448276,
    0.25,
    0.3333333333333333,
    0.3148148148148148,
    0.24074074074074073,
    0.31746031746031744,
    0.2857142857142857,
    0.2558139534883721,
    0.1956521739130435,
    0.15254237288135594,
    0.23255813953488372,
    0.25,
    0.1724137931034483,
    0.20408163265306123,
    0.25,
    0.28846153846153844,
    0.25,
    0.2033898305084746,
    0.36,
    0.20689655172413793,
    0.36363636363636365,
    0.36666666666666664,
    0.2926829268292683
  ],
  "epsilon": [
    0.13257819792820608,
    0.18613679036224542,
    0.22812288715420417,
    0.26401823294135834,
    0.2959789350847825,
    0.3251206248533117,
    0.3521125237938326,
    0.3773932021167305,
    0.40126829636533706,
    0.4239617562771685,
    0.44564394715633227,
    0.4664465331351316,
    0.48647548238339827,
    0.5058164772929455,
    0.5245403988797384,
    0.5427070420882326,
    0.5603666409120981,
    0.5775622375564483,
    0.5943314074854158,
    0.610706633450015,
    0.6267163857408325,
    0.6423859782277054,
    0.6577378560818617,
    0.6727920949250477,
    0.6875668035821344,
    0.7020781440858562,
    0.7163408620234933,
    0.7303683588529507,
    0.7441728480910834,
    0.7577655738701257,
    0.7711567568364575,
    0.784355924042822,
    0.7973717910808074,
    0.8102124229498548,
    0.8228853601466273,
    0.8353976105028068,
    0.8477556977386829,
    0.8599656314715647,
    0.8720331435140568,
    0.8839635382087685,
    0.8957618385578077,
    0.9074327268510252,
    0.9189806562538312,
    0.9304097648086256,
    0.9417240559709208,
    0.9529271999695773,
    0.9640227727167421,
    0.9750140818105972,
    0.9859043040590417,
    0.9966964495172387
  ]
}