{
  "train_loss": [
    0.12818064321710962,
    0.12707934031165818,
    0.12436654958697269,
    0.12907535160944208,
    0.11833719561241283
  ],
  "train_acc": [
    0.980777267028834,
    0.9848860085638236,
    0.9853591224828683,
    0.9845231455660903,
    0.9858072009291522
  ],
  "epsilon": [
    6.862136970317491,
    7.9009419451272755,
    8.70517707223626,
    9.387764761033436,
    9.993954814376293
  ]
}