{
  "train_loss": [
    0.12231728906613443,
    0.11707901959238777,
    0.12594853052933153,
    0.1219049409007196,
    0.12499931240596458
  ],
  "train_acc": [
    0.979641355086195,
    0.9858366726544148,
    0.9848295349268112,
    0.9853793039529172,
    0.9848551717730134
  ],
  "epsilon": [
    3.7108613674515762,
    4.168315077832696,
    4.490663687861406,
    4.757287113516585,
    4.9924066784648415
  ]
}