{
  "train_loss": [
    0.644887928891749,
    0.615191135103207,
    0.5987460239668239,
    0.5814310593259312,
    0.561729349563806
  ],
  "train_acc": [
    0.6177043252514951,
    0.6538639840526633,
    0.6705066988085856,
    0.6891660099207269,
    0.705066988085856
  ],
  "epsilon": [
    "inf",
    "inf",
    "inf",
    "inf",
    "inf"
  ]
}