{
  "accuracy": 0.5550577693940109,
  "precision": 0.6068649885583524,
  "recall": 0.3126621079933978,
  "f1": 0.4126984126984127,
  "precision_macro": 0.5719730691561017,
  "recall_macro": 0.5550577693940109,
  "f1_macro": 0.5272829698716963,
  "precision_weighted": 0.5719730691561017,
  "recall_weighted": 0.5550577693940109,
  "f1_weighted": 0.5272829698716963,
  "sensitivity": 0.3126621079933978,
  "specificity": 0.7974534307946239,
  "true_positives": 1326,
  "true_negatives": 3382,
  "false_positives": 859,
  "false_negatives": 2915,
  "auc_roc": 0.6003262745230604,
  "auc_pr": 0.6167142757530732,
  "confusion_matrix": [
    [
      3382,
      859
    ],
    [
      2915,
      1326
    ]
  ],
  "Negative_precision": 0.537081149753851,
  "Negative_recall": 0.7974534307946239,
  "Negative_f1": 0.6418675270449801,
  "Positive_precision": 0.6068649885583524,
  "Positive_recall": 0.3126621079933978,
  "Positive_f1": 0.4126984126984127,
  "model_name": "centralized",
  "evaluation_timestamp": "2025-11-26T03:20:27.959696",
  "num_samples": 8482
}